GROUP,PACKAGE,CLASS,INSTRUCTION_MISSED,INSTRUCTION_COVERED,BRANCH_MISSED,BRANCH_COVERED,LINE_MISSED,LINE_COVERED,COMPLEXITY_MISSED,COMPLEXITY_COVERED,METHOD_MISSED,METHOD_COVERED
adv-java_assignment2,KeithCaram,Gibson,0,7,0,0,0,3,0,3,0,3
adv-java_assignment2,KeithCaram,TypeOfStrings,0,24,0,0,0,2,0,1,0,1
adv-java_assignment2,KeithCaram,Cordoba,0,7,0,0,0,3,0,3,0,3
adv-java_assignment2,KeithCaram,Rock,0,5,0,0,0,2,0,2,0,2
adv-java_assignment2,KeithCaram,Country,0,5,0,0,0,2,0,2,0,2
adv-java_assignment2,KeithCaram,Taylor,0,7,0,0,0,3,0,3,0,3
adv-java_assignment2,KeithCaram,Guitar,0,21,0,0,0,8,0,4,0,4
adv-java_assignment2,KeithCaram,FinishColor,0,34,0,0,0,2,0,1,0,1
adv-java_assignment2,KeithCaram,Classical,0,5,0,0,0,2,0,2,0,2
adv-java_assignment2,KeithCaram,GuitarType,0,24,0,0,0,2,0,1,0,1
